Q580,Łódź,http://commons.wikimedia.org/wiki/Special:FilePath/POL%20%C5%81%C3%B3d%C5%BA%20COA.svg,19.466666666,51.783333333
Q106274,Legnica,http://commons.wikimedia.org/wiki/Special:FilePath/Legnica%20herb.svg,16.166666666,51.216666666
Q158485,Siemianowice Śląskie,http://commons.wikimedia.org/wiki/Special:FilePath/POL%20Siemianowice%20COA.svg,18.985833333,50.275833333
Q41252,Bydgoszcz,http://commons.wikimedia.org/wiki/Special:FilePath/POL%20Bydgoszcz%20COA.svg,18.0,53.116666666
Q47554,Toruń,http://commons.wikimedia.org/wiki/Special:FilePath/POL%20Toru%C5%84%20COA.svg,18.616666666,53.016666666
Q52842,Kalisz,http://commons.wikimedia.org/wiki/Special:FilePath/POL%20Kalisz%20COA%201.svg,18.08,51.7575
Q802,Nowy Sącz,http://commons.wikimedia.org/wiki/Special:FilePath/POL%20Nowy%20S%C4%85cz%20COA.svg,20.697222222,49.623888888
Q102317,Kielce,http://commons.wikimedia.org/wiki/Special:FilePath/Herb%20miasta%20Kielce.svg,20.631944444,50.8725
Q92212,Opole,http://commons.wikimedia.org/wiki/Special:FilePath/POL%20Opole%20COA.svg,17.933333333,50.666666666
Q2734,Skierniewice,http://commons.wikimedia.org/wiki/Special:FilePath/POL%20Skierniewice%20COA.svg,20.141666666,51.952777777
Q45197,Świętochłowice,http://commons.wikimedia.org/wiki/Special:FilePath/POL%20%C5%9Awi%C4%99toch%C5%82owice%20COA.svg,18.916666666,50.316666666
Q104725,Płock,http://commons.wikimedia.org/wiki/Special:FilePath/POL%20P%C5%82ock%20COA.svg,19.7,52.55
Q28516,Tarnobrzeg,http://commons.wikimedia.org/wiki/Special:FilePath/POL%20Tarnobrzeg%20COA.svg,21.683333333,50.583333333
Q52845,Konin,http://commons.wikimedia.org/wiki/Special:FilePath/POL%20Konin%20COA.svg,18.266666666,52.216666666
Q145972,Zamość,http://commons.wikimedia.org/wiki/Special:FilePath/POL%20Zamo%C5%9B%C4%87%20COA.svg,23.258611111,50.720555555
Q1799,Wrocław,http://commons.wikimedia.org/wiki/Special:FilePath/Herb%20wroclaw.svg,17.033333333,51.116666666
Q208473,Przemyśl,http://commons.wikimedia.org/wiki/Special:FilePath/POL%20Przemy%C5%9Bl%20COA.svg,22.766666666,49.783333333
Q52892,Leszno,http://commons.wikimedia.org/wiki/Special:FilePath/POL%20Leszno%20COA.svg,16.566666666,51.85
Q92689,Sopot,http://commons.wikimedia.org/wiki/Special:FilePath/POL%20Sopot%20COA.svg,18.55,54.433333333
Q588,Katowice,http://commons.wikimedia.org/wiki/Special:FilePath/Katowice%20Herb.svg,19.0,50.25
Q11977,Tychy,http://commons.wikimedia.org/wiki/Special:FilePath/POL%20Tychy%20COA.svg,19.0,50.166666666
Q11977,Tychy,http://commons.wikimedia.org/wiki/Special:FilePath/Tychywappen.jpg,19.0,50.166666666
Q598,Rzeszów,http://commons.wikimedia.org/wiki/Special:FilePath/POL%20Rzesz%C3%B3w%20COA.svg,22.0,50.05
Q761,Białystok,http://commons.wikimedia.org/wiki/Special:FilePath/POL%20Bia%C5%82ystok%20formal%20COA.svg,23.166666666,53.116666666
Q319813,Siedlce,http://commons.wikimedia.org/wiki/Special:FilePath/Herb%20Siedlce.svg,22.283333333,52.183333333
Q104720,Zielona Góra,http://commons.wikimedia.org/wiki/Special:FilePath/POL%20Zielona%20G%C3%B3ra%20COA.svg,15.505,51.939722222
Q37333,Lublin,http://commons.wikimedia.org/wiki/Special:FilePath/POL%20Lublin%20COA%201.svg,22.566666666,51.233333333
Q82765,Olsztyn,http://commons.wikimedia.org/wiki/Special:FilePath/POL%20Olsztyn%20COA.svg,20.483333333,53.783333333
Q234184,Chełm,http://commons.wikimedia.org/wiki/Special:FilePath/POL%20Che%C5%82m%20COA%201.svg,23.483333333,51.133333333
Q104712,Elbląg,http://commons.wikimedia.org/wiki/Special:FilePath/Coast%20of%20arms%20elblag.png,19.4,54.166666666
Q62868,Koszalin,http://commons.wikimedia.org/wiki/Special:FilePath/POL%20Koszalin%20COA.svg,16.181666666,54.190277777
Q158006,Jaworzno,http://commons.wikimedia.org/wiki/Special:FilePath/POL%20Jaworzno%20COA%20alt.svg,19.275,50.2
Q105048,Słupsk,http://commons.wikimedia.org/wiki/Special:FilePath/POL%20S%C5%82upsk%20COA%201.svg,17.033333333,54.466666666
Q108679,Ruda Śląska,http://commons.wikimedia.org/wiki/Special:FilePath/POL%20Ruda%20%C5%9Al%C4%85ska%20alt%20COA.svg,18.85,50.25
Q102350,Bytom,http://commons.wikimedia.org/wiki/Special:FilePath/Bytom%20herb.svg,18.923,50.347
Q385,Gdynia,http://commons.wikimedia.org/wiki/Special:FilePath/POL%20Gdynia%20COA.svg,18.533333333,54.5
Q158004,Piotrków Trybunalski,http://commons.wikimedia.org/wiki/Special:FilePath/POL%20Piotrk%C3%B3w%20Trybunalski%20COA%201.svg,19.683333333,51.4
Q1792,Gdańsk,http://commons.wikimedia.org/wiki/Special:FilePath/POL%20Gda%C5%84sk%20COA.svg,18.633333333,54.366666666
Q105060,Sosnowiec,http://commons.wikimedia.org/wiki/Special:FilePath/Sosnowiec%20Herb.svg,19.166666666,50.3
Q393,Szczecin,http://commons.wikimedia.org/wiki/Special:FilePath/POL%20Szczecin%20COA.svg,14.555277777,53.424722222
Q104731,Gorzów Wielkopolski,http://commons.wikimedia.org/wiki/Special:FilePath/POL%20Gorz%C3%B3w%20Wielkopolski%20COA%201.svg,15.25,52.733333333
Q106281,Tarnów,http://commons.wikimedia.org/wiki/Special:FilePath/POL%20Tarn%C3%B3w%20COA.svg,20.988611111,50.0125
Q103217,Częstochowa,http://commons.wikimedia.org/wiki/Special:FilePath/POL%20Cz%C4%99stochowa%20COA.svg,19.116666666,50.8
Q41599,Świnoujście,http://commons.wikimedia.org/wiki/Special:FilePath/POL%20%C5%9Awinouj%C5%9Bcie%20COA%201.svg,14.25,53.916666666
Q209932,Biała Podlaska,http://commons.wikimedia.org/wiki/Special:FilePath/POL%20Bia%C5%82a%20Podlaska%20COA.svg,23.116666666,52.033333333
Q104302,Chorzów,http://commons.wikimedia.org/wiki/Special:FilePath/Chorz%C3%B3w%20herb.svg,18.95,50.3
Q110732,Wałbrzych,http://commons.wikimedia.org/wiki/Special:FilePath/POL%20Wa%C5%82brzych%20COA.svg,16.283333333,50.766666666
Q104740,Radom,http://commons.wikimedia.org/wiki/Special:FilePath/POL%20Radom%20COA.svg,21.156666666,51.403611111
Q31487,Kraków,http://commons.wikimedia.org/wiki/Special:FilePath/POL%20Krak%C3%B3w%20COA.svg,19.95,50.066666666
Q108672,Dąbrowa Górnicza,http://commons.wikimedia.org/wiki/Special:FilePath/POL%20D%C4%85browa%20G%C3%B3rnicza%20COA%201.svg,19.194722222,50.323888888
Q106583,Bielsko-Biała,http://commons.wikimedia.org/wiki/Special:FilePath/POL%20Bielsko-Bia%C5%82a%20COA.svg,19.044444444,49.8225
Q103892,Zabrze,http://commons.wikimedia.org/wiki/Special:FilePath/POL%20Zabrze%20COA.svg,18.783333333,50.3
Q826068,Krosno,http://commons.wikimedia.org/wiki/Special:FilePath/POL%20Krosno%20COA.svg,21.75,49.683333333
Q461287,Ostrołęka,http://commons.wikimedia.org/wiki/Special:FilePath/POL%20Ostro%C5%82%C4%99ka%20COA.svg,21.583333333,53.083333333
Q107094,Rybnik,http://commons.wikimedia.org/wiki/Special:FilePath/POL%20Rybnik%20COA.svg,18.5,50.083333333
Q147934,Jelenia Góra,http://commons.wikimedia.org/wiki/Special:FilePath/POL%20Jelenia%20G%C3%B3ra%20COA%201.svg,15.733333333,50.9
Q215633,Łomża,http://commons.wikimedia.org/wiki/Special:FilePath/POL%20%C5%81om%C5%BCa%20COA.svg,22.083333333,53.166666666
Q107106,Jastrzębie-Zdrój,http://commons.wikimedia.org/wiki/Special:FilePath/POL%20Jastrz%C4%99bie-Zdr%C3%B3j%20COA.svg,18.583333333,49.95
Q158488,Piekary Śląskie,http://commons.wikimedia.org/wiki/Special:FilePath/POL%20Piekary%20%C5%9Al%C4%85skie%20COA.svg,18.95,50.383333333
Q268,Poznań,http://commons.wikimedia.org/wiki/Special:FilePath/POL%20Pozna%C5%84%20COA.svg,16.916666666,52.4
Q106681,Włocławek,http://commons.wikimedia.org/wiki/Special:FilePath/POL%20W%C5%82oc%C5%82awek%20COA.svg,19.05,52.65
Q123511,Grudziądz,http://commons.wikimedia.org/wiki/Special:FilePath/POL%20Grudzi%C4%85dz%20COA.svg,18.776111111,53.4925
Q393171,Żory,http://commons.wikimedia.org/wiki/Special:FilePath/POL%20%C5%BBory%20COA.svg,18.7,50.05
Q161595,Mysłowice,http://commons.wikimedia.org/wiki/Special:FilePath/POL%20Mys%C5%82owice%20COA.svg,19.133333333,50.233333333
Q105084,Gliwice,http://commons.wikimedia.org/wiki/Special:FilePath/POL%20Gliwice%20COA.svg,18.666666666,50.283333333
Q236083,Suwałki,http://commons.wikimedia.org/wiki/Special:FilePath/POL%20Suwa%C5%82ki%20COA.svg,22.933333333,54.083333333
Q1129286,Powiat człuchowski,http://commons.wikimedia.org/wiki/Special:FilePath/POL%20powiat%20cz%C5%82uchowski%20COA.svg,17.366666666,53.65
Q1144086,Powiat legionowski,http://commons.wikimedia.org/wiki/Special:FilePath/POL%20powiat%20legionowski%20COA.svg,20.916666666,52.4
Q1147644,Powiat dębicki,http://commons.wikimedia.org/wiki/Special:FilePath/POL%20powiat%20d%C4%99bicki%20COA.svg,21.416666666,50.05
Q1147627,Powiat brzozowski,http://commons.wikimedia.org/wiki/Special:FilePath/POL%20powiat%20brzozowski%20COA.svg,22.019444444,49.695277777
Q1335628,Powiat rzeszowski,http://commons.wikimedia.org/wiki/Special:FilePath/POL%20powiat%20rzeszowski%20COA.svg,22.004722222,50.033611111
Q1340622,Powiat myszkowski,http://commons.wikimedia.org/wiki/Special:FilePath/POL%20powiat%20myszkowski%20COA.svg,19.316666666,50.583333333
Q1135385,Powiat działdowski,http://commons.wikimedia.org/wiki/Special:FilePath/POL%20powiat%20dzia%C5%82dowski%20COA.svg,20.183333333,53.233333333
Q1147602,Powiat nowosądecki,http://commons.wikimedia.org/wiki/Special:FilePath/POL%20powiat%20nowos%C4%85decki%20COA.svg,20.697222222,49.623888888
Q1126256,Powiat hajnowski,http://commons.wikimedia.org/wiki/Special:FilePath/POL%20powiat%20hajnowski%20COA.svg,23.566666666,52.733333333
Q1147576,Powiat lidzbarski,http://commons.wikimedia.org/wiki/Special:FilePath/POL%20powiat%20lidzbarski%20COA.svg,20.583333333,54.116666666
Q1340613,Powiat olkuski,http://commons.wikimedia.org/wiki/Special:FilePath/POL%20powiat%20olkuski%20COA.svg,19.566666666,50.283333333
Q1135341,Powiat kętrzyński,http://commons.wikimedia.org/wiki/Special:FilePath/POL%20powiat%20k%C4%99trzy%C5%84ski%20COA.svg,21.383333333,54.083333333
Q1125787,Powiat sochaczewski,http://commons.wikimedia.org/wiki/Special:FilePath/POL%20powiat%20sochaczewski%20COA.svg,20.238611111,52.229166666
Q1135416,Powiat radomszczański,http://commons.wikimedia.org/wiki/Special:FilePath/POL%20powiat%20radomszcza%C5%84ski%20COA.svg,19.45,51.066666666
Q1130338,Powiat bartoszycki,http://commons.wikimedia.org/wiki/Special:FilePath/POL%20powiat%20bartoszycki%20COA.svg,20.8,54.25
Q1149128,Powiat krośnieński,http://commons.wikimedia.org/wiki/Special:FilePath/POL%20powiat%20kro%C5%9Bnie%C5%84ski%20COA.svg,21.75,49.683333333
Q1125769,Powiat augustowski,http://commons.wikimedia.org/wiki/Special:FilePath/POL%20powiat%20augustowski%20COA.svg,22.966666666,53.85
Q1125865,Powiat wysokomazowiecki,http://commons.wikimedia.org/wiki/Special:FilePath/POL%20powiat%20wysokomazowiecki%20COA%20%282002-2015%29.svg,22.514444444,52.919166666
Q1145560,Powiat tarnogórski,http://commons.wikimedia.org/wiki/Special:FilePath/POL%20powiat%20tarnog%C3%B3rski%20COA.svg,18.866666666,50.45
Q1135368,Powiat ełcki,,22.362222222,53.821388888
Q1164885,Powiat wałecki,http://commons.wikimedia.org/wiki/Special:FilePath/POL%20powiat%20wa%C5%82ecki%20COA%201.svg,16.466666666,53.266666666
Q1147589,Powiat bocheński,http://commons.wikimedia.org/wiki/Special:FilePath/POL%20powiat%20boche%C5%84ski%20COA.svg,20.433333333,49.983333333
Q1125892,Powiat grodziski,http://commons.wikimedia.org/wiki/Special:FilePath/POL%20powiat%20Grodzisk%20Mazowiecki%20COA.svg,20.625,52.108888888
Q1331801,Powiat łódzki wschodni,http://commons.wikimedia.org/wiki/Special:FilePath/POL%20powiat%20%C5%82%C3%B3dzki%20wschodni%20COA.svg,19.466666666,51.783333333
Q1335594,Powiat kielecki,http://commons.wikimedia.org/wiki/Special:FilePath/Powiat%20kielecki%20herb.svg,20.616666666,50.883333333
Q1144129,Powiat opatowski,http://commons.wikimedia.org/wiki/Special:FilePath/POL%20powiat%20opatowski%20COA.svg,21.424722222,50.805
Q1144100,Powiat wieluński,http://commons.wikimedia.org/wiki/Special:FilePath/POL%20powiat%20wielu%C5%84ski%20COA.svg,18.573888888,51.2225
Q1164890,Powiat krakowski,http://commons.wikimedia.org/wiki/Special:FilePath/POL%20powiat%20krakowski%20COA.svg,19.938333333,50.061388888
Q1140732,Powiat cieszyński,http://commons.wikimedia.org/wiki/Special:FilePath/POL%20powiat%20cieszy%C5%84ski%20COA.svg,18.634913888,49.748630555
Q1125909,Powiat grajewski,http://commons.wikimedia.org/wiki/Special:FilePath/POL%20powiat%20grajewski%20COA.svg,22.45,53.65
Q1144118,Powiat opoczyński,http://commons.wikimedia.org/wiki/Special:FilePath/POL%20powiat%20opoczy%C5%84ski%20COA.svg,20.283333333,51.383333333
Q1340528,Powiat świdwiński,http://commons.wikimedia.org/wiki/Special:FilePath/POL%20powiat%20%C5%9Bwidwi%C5%84ski%20COA.svg,15.766666666,53.783333333
Q1144110,Powiat łaski,http://commons.wikimedia.org/wiki/Special:FilePath/POL%20powiat%20%C5%82aski%20COA.svg,19.133333333,51.583333333
Q1138182,Powiat wejherowski,http://commons.wikimedia.org/wiki/Special:FilePath/POL%20powiat%20wejherowski%20COA.svg,18.25,54.6
Q1138169,Powiat bytowski,http://commons.wikimedia.org/wiki/Special:FilePath/POL%20powiat%20bytowski%20COA.svg,17.5,54.133333333
Q1138177,Powiat słupski,http://commons.wikimedia.org/wiki/Special:FilePath/POL%20powiat%20s%C5%82upski%20COA.svg,17.029166666,54.465833333
Q1135380,Powiat dąbrowski,http://commons.wikimedia.org/wiki/Special:FilePath/POL%20powiat%20d%C4%85browski%20COA.svg,20.983333333,50.166666666
Q1135409,Powiat iławski,http://commons.wikimedia.org/wiki/Special:FilePath/POL%20powiat%20i%C5%82awski%20COA.svg,19.565555555,53.596388888
Q1126261,Powiat białostocki,http://commons.wikimedia.org/wiki/Special:FilePath/POL%20powiat%20bia%C5%82ostocki%20COA.svg,23.166666666,53.116666666
Q1340547,Powiat łańcucki,http://commons.wikimedia.org/wiki/Special:FilePath/POL%20powiat%20%C5%82a%C5%84cucki%20COA.svg,22.233333333,50.066666666
Q1147610,Powiat miechowski,http://commons.wikimedia.org/wiki/Special:FilePath/POL%20powiat%20miechowski%20COA.svg,20.0325,50.357777777
Q1335664,Powiat kazimierski,http://commons.wikimedia.org/wiki/Special:FilePath/POL%20powiat%20kazimierski%20COA%201.svg,20.484444444,50.273611111
Q1164895,Powiat pabianicki,http://commons.wikimedia.org/wiki/Special:FilePath/POL%20powiat%20pabianicki%20COA%201.svg,19.383333333,51.65
Q1130348,Powiat mrągowski,http://commons.wikimedia.org/wiki/Special:FilePath/POL%20powiat%20mr%C4%85gowski%20COA.svg,21.3,53.866666666
Q1145214,Powiat kościerski,http://commons.wikimedia.org/wiki/Special:FilePath/POL%20powiat%20ko%C5%9Bcierski%20COA.svg,17.983333333,54.116666666
Q1140734,Powiat elbląski,http://commons.wikimedia.org/wiki/Special:FilePath/POL%20powiat%20elbl%C4%85ski%20COA.svg,19.404166666,54.094444444
Q1135372,Powiat zawierciański,http://commons.wikimedia.org/wiki/Special:FilePath/POL%20powiat%20zawiercia%C5%84ski%20COA.svg,19.416666666,50.5
Q1145501,Powiat kłobucki,http://commons.wikimedia.org/wiki/Special:FilePath/POL%20powiat%20k%C5%82obucki%20COA%201.svg,18.933333333,50.916666666
Q1147568,Powiat brzeziński,http://commons.wikimedia.org/wiki/Special:FilePath/POL%20powiat%20brzezi%C5%84ski%20COA.svg,19.75,51.8
Q1134112,Powiat żywiecki,http://commons.wikimedia.org/wiki/Special:FilePath/POL%20powiat%20%C5%BCywiecki%20COA.svg,19.205833333,49.689166666
Q1135359,Powiat olecki,,22.5,54.033333333
Q1145533,Powiat lubliniecki,http://commons.wikimedia.org/wiki/Special:FilePath/POL%20powiat%20lubliniecki%20COA.svg,18.683333333,50.683333333
Q1144093,Powiat łowicki,http://commons.wikimedia.org/wiki/Special:FilePath/POL%20powiat%20%C5%82owicki%20COA.svg,19.933333333,52.1
Q1135363,Powiat suwalski,http://commons.wikimedia.org/wiki/Special:FilePath/POL%20powiat%20suwalski%20COA.svg,22.933333333,54.083333333
Q1335529,Powiat konecki,http://commons.wikimedia.org/wiki/Special:FilePath/POL%20powiat%20konecki%20flag.svg,20.416666666,51.2
Q1335675,Powiat jędrzejowski,http://commons.wikimedia.org/wiki/Special:FilePath/POL%20powiat%20j%C4%99drzejowski%20COA.svg,20.3,50.633333333
Q1335648,Powiat buski,http://commons.wikimedia.org/wiki/Special:FilePath/POL%20powiat%20Busko%20COA.svg,20.716666666,50.466666666
Q1335517,Powiat włoszczowski,http://commons.wikimedia.org/wiki/Special:FilePath/POL%20powiat%20w%C5%82oszczowski%20COA.svg,19.966944444,50.854166666
Q1144081,Powiat skierniewicki,http://commons.wikimedia.org/wiki/Special:FilePath/POL%20powiat%20skierniewicki%20COA.svg,20.141666666,51.952777777
Q1147184,Powiat mielecki,http://commons.wikimedia.org/wiki/Special:FilePath/POL%20powiat%20mielecki%20COA.svg,21.433333333,50.283333333
Q1147561,Powiat proszowicki,http://commons.wikimedia.org/wiki/Special:FilePath/POL%20powiat%20proszowicki%20COA.svg,20.3,50.2
Q1147584,Powiat tatrzański,http://commons.wikimedia.org/wiki/Special:FilePath/POL%20powiat%20tatrza%C5%84ski%20COA.svg,19.95,49.3
Q1146888,Powiat bieruńsko-lędziński,http://commons.wikimedia.org/wiki/Special:FilePath/POL%20powiat%20bieru%C5%84sko-l%C4%99dzi%C5%84ski%20COA.svg,19.1,50.133333333
Q1340573,Powiat wadowicki,http://commons.wikimedia.org/wiki/Special:FilePath/POL%20powiat%20wadowicki%20COA.svg,19.5,49.883333333
Q1335579,Powiat przeworski,http://commons.wikimedia.org/wiki/Special:FilePath/POL%20powiat%20przeworski%20COA.svg,22.5,50.066666666
Q1125855,Powiat zgierski,http://commons.wikimedia.org/wiki/Special:FilePath/POL%20powiat%20zgierski%20COA.svg,19.416666666,51.85
Q1335605,Powiat leski,,22.328888888,49.474444444
Q1143041,Powiat rawski,http://commons.wikimedia.org/wiki/Special:FilePath/POL%20powiat%20rawski%20COA.svg,20.25,51.766666666
Q1277165,Powiat zduńskowolski,http://commons.wikimedia.org/wiki/Special:FilePath/POL%20powiat%20zdu%C5%84skowolski%20COA.svg,18.966666666,51.6
Q1125759,Powiat sieradzki,http://commons.wikimedia.org/wiki/Special:FilePath/POL%20powiat%20sieradzki%20COA.svg,18.75,51.6
Q1340605,Powiat kołobrzeski,http://commons.wikimedia.org/wiki/Special:FilePath/POL%20powiat%20ko%C5%82obrzeski%20COA.svg,15.566666666,54.166666666
Q1335561,Powiat kraśnicki,http://commons.wikimedia.org/wiki/Special:FilePath/POL%20powiat%20kra%C5%9Bnicki%20COA.svg,22.216666666,50.916666666
Q1165710,Powiat gdański,http://commons.wikimedia.org/wiki/Special:FilePath/POL%20powiat%20gda%C5%84ski%20COA.svg,18.633333333,54.266666666
Q1340564,Powiat bielski,http://commons.wikimedia.org/wiki/Special:FilePath/POL%20powiat%20bielski%20%28wojew%C3%B3dztwo%20%C5%9Bl%C4%85skie%29%20COA.svg,19.033333333,49.816666666
Q1144105,Powiat piotrkowski,http://commons.wikimedia.org/wiki/Special:FilePath/POL%20powiat%20piotrkowski%20COA.svg,19.683333333,51.4
Q1340537,Powiat jasielski,http://commons.wikimedia.org/wiki/Special:FilePath/POL%20powiat%20jasielski%20COA.svg,21.471388888,49.747777777
Q1125880,Powiat pajęczański,http://commons.wikimedia.org/wiki/Special:FilePath/POL%20powiat%20paj%C4%99cza%C5%84ski%20COA.svg,19.0,51.15
Q1310064,Powiat leżajski,http://commons.wikimedia.org/wiki/Special:FilePath/POL%20powiat%20le%C5%BCajski%20COA.svg,22.433333333,50.266666666
Q1135355,Powiat poddębicki,http://commons.wikimedia.org/wiki/Special:FilePath/POL%20powiat%20podd%C4%99bicki%20COA.svg,18.966666666,51.9
Q1135395,Powiat nidzicki,http://commons.wikimedia.org/wiki/Special:FilePath/POL%20powiat%20nidzicki%20COA.svg,20.425,53.358333333
Q1135345,Powiat sejneński,,23.366666666,54.116666666
Q1147572,Powiat lubaczowski,http://commons.wikimedia.org/wiki/Special:FilePath/POL%20powiat%20lubaczowski%20COA.svg,23.116666666,50.166666666
Q1147594,Powiat tarnobrzeski,http://commons.wikimedia.org/wiki/Special:FilePath/POL%20powiat%20tarnobrzeski%20COA.svg,21.683333333,50.583333333
Q1335538,Powiat ropczycko-sędziszowski,http://commons.wikimedia.org/wiki/Special:FilePath/POL%20powiat%20ropczycko-s%C4%99dziszowski%20COA.svg,21.633333333,50.086111111
Q1144074,Powiat sandomierski,http://commons.wikimedia.org/wiki/Special:FilePath/POL%20powiat%20sandomierski%20COA.svg,21.75,50.683333333
Q1163159,Powiat łobeski,http://commons.wikimedia.org/wiki/Special:FilePath/POL%20powiat%20%C5%82obeski%20COA.svg,15.616666666,53.633333333
Q1147618,Powiat oświęcimski,http://commons.wikimedia.org/wiki/Special:FilePath/POL%20powiat%20o%C5%9Bwi%C4%99cimski%20COA.svg,19.233333333,50.05
Q1135401,Powiat ostrowski,http://commons.wikimedia.org/wiki/Special:FilePath/POL%20powiat%20ostrowski%20mazowiecki%20COA.svg,21.9,52.8
Q1125923,Powiat siemiatycki,http://commons.wikimedia.org/wiki/Special:FilePath/POL%20powiat%20siemiatycki%20COA.svg,22.8625,52.427222222
Q1340585,Powiat limanowski,http://commons.wikimedia.org/wiki/Special:FilePath/POL%20powiat%20limanowski%20COA.svg,20.426666666,49.700555555
Q1340630,Powiat stargardzki,http://commons.wikimedia.org/wiki/Special:FilePath/POL%20powiat%20stargardzki%20COA%201.svg,15.033333333,53.333333333
Q1140756,Powiat chrzanowski,http://commons.wikimedia.org/wiki/Special:FilePath/POL%20powiat%20chrzanowski%20COA.svg,19.4,50.133333333
Q1280815,Powiat suski,http://commons.wikimedia.org/wiki/Special:FilePath/POL%20powiat%20suski%20COA.svg,19.588611111,49.740277777
Q1340594,Powiat sanocki,http://commons.wikimedia.org/wiki/Special:FilePath/POL%20powiat%20sanocki%20COA.svg,22.216666666,49.55
Q1145567,Powiat częstochowski,http://commons.wikimedia.org/wiki/Special:FilePath/POL%20powiat%20cz%C4%99stochowski%20COA.svg,19.116666666,50.8
Q1135390,Powiat nowodworski,http://commons.wikimedia.org/wiki/Special:FilePath/POL%20powiat%20nowodworski%20COA.svg,20.683333333,52.433333333
Q1145203,Powiat lęborski,http://commons.wikimedia.org/wiki/Special:FilePath/POL%20powiat%20l%C4%99borski%20COA.svg,17.75,54.55
Q1140489,Powiat mikołowski,http://commons.wikimedia.org/wiki/Special:FilePath/POL%20powiat%20miko%C5%82owski%20COA.svg,18.9,50.166666666
Q1125777,Powiat łomżyński,http://commons.wikimedia.org/wiki/Special:FilePath/POL%20powiat%20%C5%82om%C5%BCy%C5%84ski%20COA.svg,22.083333333,53.166666666
Q1164883,Powiat braniewski,http://commons.wikimedia.org/wiki/Special:FilePath/POL%20powiat%20braniewski%20COA.svg,19.833333333,54.383333333
Q1121959,Powiat piaseczyński,http://commons.wikimedia.org/wiki/Special:FilePath/POL%20powiat%20piaseczy%C5%84ski%20COA.svg,21.016666666,52.066666666
Q912777,Powiat lubelski,http://commons.wikimedia.org/wiki/Special:FilePath/POL%20powiat%20lubelski%20COA.svg,22.570277777,51.248055555
Q637105,Powiat jaworski,http://commons.wikimedia.org/wiki/Special:FilePath/POL%20powiat%20jaworski%20COA.svg,16.183333333,51.05
Q770911,Powiat nowotarski,http://commons.wikimedia.org/wiki/Special:FilePath/POL%20powiat%20nowotarski%20COA.svg,20.016666666,49.466666666
Q914615,Powiat łukowski,http://commons.wikimedia.org/wiki/Special:FilePath/POL%20powiat%20%C5%82ukowski%20COA.svg,22.383333333,51.916666666
Q947561,Powiat grójecki,http://commons.wikimedia.org/wiki/Special:FilePath/POL%20powiat%20gr%C3%B3jecki%20COA.svg,20.8675,51.865555555
Q716143,Powiat ząbkowicki,http://commons.wikimedia.org/wiki/Special:FilePath/POL%20powiat%20z%C4%85bkowicki%20COA.svg,16.816666666,50.583333333
Q716072,Powiat zgorzelecki,http://commons.wikimedia.org/wiki/Special:FilePath/POL%20powiat%20zgorzelecki%20COA.svg,15.008611111,51.150277777
Q687989,Powiat lwówecki,http://commons.wikimedia.org/wiki/Special:FilePath/POL%20powiat%20lw%C3%B3wecki%20COA.svg,15.583333333,51.116666666
Q910918,Powiat biłgorajski,http://commons.wikimedia.org/wiki/Special:FilePath/POL%20powiat%20bi%C5%82gorajski%20COA.svg,22.733333333,50.55
Q936138,Powiat pruszkowski,http://commons.wikimedia.org/wiki/Special:FilePath/POL%20powiat%20pruszkowski%20COA.svg,20.8,52.166666666
Q773421,Powiat lipnowski,http://commons.wikimedia.org/wiki/Special:FilePath/POL%20powiat%20lipnowski%20COA.svg,19.166666666,52.85
Q687839,Powiat lubiński,http://commons.wikimedia.org/wiki/Special:FilePath/POL%20powiat%20lubi%C5%84ski%20COA.svg,16.2,51.4
Q970547,Powiat gorlicki,http://commons.wikimedia.org/wiki/Special:FilePath/POL%20powiat%20gorlicki%20COA.svg,21.166666666,49.65
Q913353,Powiat puławski,http://commons.wikimedia.org/wiki/Special:FilePath/POL%20powiat%20pu%C5%82awski%20COA%201.svg,21.966666666,51.416666666
Q936211,Powiat sokołowski,,22.246388888,52.406666666
Q773215,Powiat grudziądzki,http://commons.wikimedia.org/wiki/Special:FilePath/POL%20powiat%20grudzi%C4%85dzki%20COA.svg,18.776111111,53.4925
Q942452,Powiat kartuski,http://commons.wikimedia.org/wiki/Special:FilePath/POL%20powiat%20kartuski%20COA.svg,18.2,54.333333333
Q657314,Powiat średzki,http://commons.wikimedia.org/wiki/Special:FilePath/POL%20powiat%20%C5%9Bredzki%20%28dolno%C5%9Bl%C4%85ski%29%20COA.svg,16.583333333,51.15
Q936168,Powiat radomski,http://commons.wikimedia.org/wiki/Special:FilePath/POL%20powiat%20radomski%20COA.svg,21.166666666,51.4
Q650180,Powiat toruński,http://commons.wikimedia.org/wiki/Special:FilePath/POL%20powiat%20toru%C5%84ski%20COA.svg,18.616666666,53.033333333
Q780602,Powiat gołdapski,http://commons.wikimedia.org/wiki/Special:FilePath/POL%20powiat%20go%C5%82dapski%20COA.svg,22.309444444,54.316111111
Q750491,Powiat aleksandrowski,http://commons.wikimedia.org/wiki/Special:FilePath/POL%20powiat%20aleksandrowski%20COA.svg,18.7,52.866666666
Q947480,Powiat gostyniński,http://commons.wikimedia.org/wiki/Special:FilePath/POL%20powiat%20gostyni%C5%84ski%20COA.svg,19.466666666,52.416666666
Q947574,Powiat kozienicki,http://commons.wikimedia.org/wiki/Special:FilePath/POL%20powiat%20kozienicki%20COA.svg,21.566666666,51.583333333
Q947495,Powiat płocki,http://commons.wikimedia.org/wiki/Special:FilePath/POL%20powiat%20p%C5%82ocki%20COA.svg,19.7,52.55
Q774833,Powiat włocławski,http://commons.wikimedia.org/wiki/Special:FilePath/POL%20powiat%20w%C5%82oc%C5%82awski%20COA.svg,19.05,52.65
Q855537,Powiat włodawski,http://commons.wikimedia.org/wiki/Special:FilePath/POL%20powiat%20w%C5%82odawski%20COA.svg,23.55,51.55
Q924064,Powiat ciechanowski,http://commons.wikimedia.org/wiki/Special:FilePath/POL%20powiat%20ciechanowski%20COA.svg,20.633333333,52.866666666
Q636625,Powiat bolesławiecki,http://commons.wikimedia.org/wiki/Special:FilePath/POL%20powiat%20boles%C5%82awiecki%20COA.svg,15.566666666,51.266666666
Q637018,Powiat jeleniogórski,http://commons.wikimedia.org/wiki/Special:FilePath/POL%20powiat%20jeleniog%C3%B3rski%20COA.svg,15.732777777,50.903611111
Q948486,Powiat nowodworski,http://commons.wikimedia.org/wiki/Special:FilePath/POL%20Powiat%20nowodworski%20COA.svg,19.116666666,54.216666666
Q715974,Powiat wrocławski,http://commons.wikimedia.org/wiki/Special:FilePath/POL%20powiat%20wroc%C5%82awski%20COA.svg,17.033333333,51.116666666
Q914135,Powiat zamojski,http://commons.wikimedia.org/wiki/Special:FilePath/POL%20powiat%20zamojski%20COA.svg,23.258611111,50.720555555
Q692459,Powiat stalowowolski,http://commons.wikimedia.org/wiki/Special:FilePath/POL%20powiat%20stalowowolski%20COA.svg,22.05,50.583333333
Q913458,Powiat radzyński,http://commons.wikimedia.org/wiki/Special:FilePath/POL%20powiat%20radzy%C5%84ski%20COA.svg,22.624166666,51.782777777
Q687757,Powiat lubański,http://commons.wikimedia.org/wiki/Special:FilePath/POL%20powiat%20luba%C5%84ski%20COA.svg,15.3,51.116666666
Q947509,Powiat łosicki,http://commons.wikimedia.org/wiki/Special:FilePath/POL%20powiat%20%C5%82osicki%20COA.svg,22.716666666,52.216666666
Q636757,Powiat górowski,http://commons.wikimedia.org/wiki/Special:FilePath/POL%20powiat%20g%C3%B3rowski%20COA.svg,16.55,51.666666666
Q742875,Powiat otwocki,http://commons.wikimedia.org/wiki/Special:FilePath/POL%20powiat%20otwocki%20COA%201.svg,21.266666666,52.116666666
Q915920,Powiat świdnicki,http://commons.wikimedia.org/wiki/Special:FilePath/POL%20powiat%20%C5%9Bwidnicki%20COA.svg,22.7,51.216666666
Q643915,Powiat jarosławski,http://commons.wikimedia.org/wiki/Special:FilePath/POL%20powiat%20jaros%C5%82awski%20COA.svg,22.679722222,50.018611111
Q939532,Powiat węgrowski,http://commons.wikimedia.org/wiki/Special:FilePath/POL%20powiat%20w%C4%99growski%20COA.svg,22.016666666,52.4
Q774738,Powiat wąbrzeski,http://commons.wikimedia.org/wiki/Special:FilePath/POL%20powiat%20w%C4%85brzeski%20COA.svg,18.95,53.283333333
Q774944,Powiat świecki,http://commons.wikimedia.org/wiki/Special:FilePath/POL%20powiat%20%C5%9Bwiecki%20COA.svg,18.433333333,53.416666666
Q912706,Powiat lubartowski,http://commons.wikimedia.org/wiki/Special:FilePath/POL%20powiat%20lubartowski%20COA.svg,22.6,51.466666666
Q972886,Powiat będziński,http://commons.wikimedia.org/wiki/Special:FilePath/POL%20powiat%20b%C4%99dzi%C5%84ski%20COA.svg,19.116666666,50.333333333
Q715925,Powiat wołowski,http://commons.wikimedia.org/wiki/Special:FilePath/POL%20powiat%20wo%C5%82owski%20COA.svg,16.628333333,51.341388888
Q772520,Powiat chełmiński,http://commons.wikimedia.org/wiki/Special:FilePath/POL%20powiat%20che%C5%82mi%C5%84ski%20COA.svg,18.422777777,53.365833333
Q975454,Powiat brzeski,http://commons.wikimedia.org/wiki/Special:FilePath/POL%20powiat%20brzeski%20COA.svg,20.616666666,49.966666666
Q927212,Powiat warszawski zachodni,http://commons.wikimedia.org/wiki/Special:FilePath/POL%20powiat%20warszawski%20zachodni%20COA.svg,20.8,52.216666666
Q913563,Powiat rycki,http://commons.wikimedia.org/wiki/Special:FilePath/POL%20powiat%20rycki%20COA.svg,21.933333333,51.633333333
Q936180,Powiat wołomiński,http://commons.wikimedia.org/wiki/Special:FilePath/POL%20powiat%20wo%C5%82omi%C5%84ski%20COA.svg,21.233333333,52.35
Q743873,Powiat makowski,http://commons.wikimedia.org/wiki/Special:FilePath/POL%20powiat%20makowski%20COA.svg,21.1,52.866666666
Q967087,Powiat węgorzewski,,21.75,54.216666666
Q773781,Powiat rypiński,http://commons.wikimedia.org/wiki/Special:FilePath/POL%20powiat%20rypi%C5%84ski%20COA.svg,19.45,53.066666666
Q912974,Powiat opolski,http://commons.wikimedia.org/wiki/Special:FilePath/POL%20powiat%20opolski-lubelski%20COA.svg,21.966666666,51.15
Q935406,Powiat sierpecki,http://commons.wikimedia.org/wiki/Special:FilePath/POL%20powiat%20sierpecki%20COA.svg,19.666666666,52.883333333
Q715413,Powiat milicki,http://commons.wikimedia.org/wiki/Special:FilePath/POL%20powiat%20milicki%20COA.svg,17.283333333,51.533333333
Q727262,Powiat białobrzeski,http://commons.wikimedia.org/wiki/Special:FilePath/POL%20powiat%20bia%C5%82obrzeski%20COA.svg,20.95,51.65
Q716173,Powiat złotoryjski,http://commons.wikimedia.org/wiki/Special:FilePath/POL%20powiat%20z%C5%82otoryjski%20COA.svg,15.916666666,51.133333333
Q926739,Powiat zwoleński,http://commons.wikimedia.org/wiki/Special:FilePath/POL%20powiat%20zwole%C5%84ski%20COA.svg,21.583888888,51.356944444
Q911203,Powiat chełmski,http://commons.wikimedia.org/wiki/Special:FilePath/POL%20powiat%20che%C5%82mski%20COA.svg,23.483333333,51.15
Q943131,Powiat sokólski,http://commons.wikimedia.org/wiki/Special:FilePath/POL%20powiat%20sok%C3%B3lski%20COA.svg,23.5,53.4
Q637351,Powiat kłodzki,http://commons.wikimedia.org/wiki/Special:FilePath/POL%20powiat%20k%C5%82odzki%20COA.svg,16.652777777,50.437777777
Q715475,Powiat oławski,http://commons.wikimedia.org/wiki/Special:FilePath/POL%20powiat%20o%C5%82awski%20COA.svg,17.3,50.933333333
Q636686,Powiat dzierżoniowski,http://commons.wikimedia.org/wiki/Special:FilePath/POL%20powiat%20dzier%C5%BConiowski%20COA.svg,16.55,50.716666666
Q913630,Powiat tomaszowski,http://commons.wikimedia.org/wiki/Special:FilePath/POL%20powiat%20tomaszowski%20lubelski%20COA.svg,23.416666666,50.45
Q931478,Powiat bielski,http://commons.wikimedia.org/wiki/Special:FilePath/POL%20powiat%20bielski%20%28wojew%C3%B3dztwo%20podlaskie%29%20COA.svg,23.2,52.766666666
Q924007,Powiat garwoliński,http://commons.wikimedia.org/wiki/Special:FilePath/POL%20powiat%20garwolinski%20COA.svg,21.633333333,51.9
Q913021,Powiat parczewski,http://commons.wikimedia.org/wiki/Special:FilePath/POL%20Powiat%20parczewski%20COA.svg,22.866666666,51.633333333
Q936195,Powiat płoński,http://commons.wikimedia.org/wiki/Special:FilePath/POL%20powiat%20p%C5%82o%C5%84ski%20COA.svg,20.383333333,52.633333333
Q645851,Powiat legnicki,http://commons.wikimedia.org/wiki/Special:FilePath/POL%20powiat%20legnicki%20COA.svg,16.166666666,51.216666666
Q782558,Powiat lipski,http://commons.wikimedia.org/wiki/Special:FilePath/POL%20powiat%20lipski%20COA.svg,21.6575,51.156666666
Q716351,Powiat świdnicki,http://commons.wikimedia.org/wiki/Special:FilePath/POL%20powiat%20%C5%9Bwidnicki%20%28dolno%C5%9Bl%C4%85ski%29%20COA.svg,16.424166666,50.844166666
Q954889,Powiat strzyżowski,http://commons.wikimedia.org/wiki/Special:FilePath/POL%20powiat%20sztrzy%C5%BCowski%20COA.svg,21.783333333,49.883333333
Q715630,Powiat trzebnicki,http://commons.wikimedia.org/wiki/Special:FilePath/POL%20powiat%20trzebnicki%20COA.svg,17.061388888,51.305
Q750576,Powiat bydgoski,http://commons.wikimedia.org/wiki/Special:FilePath/POL%20powiat%20bydgoski%20COA%202.JPG,18.0,53.116666666
Q715538,Powiat polkowicki,http://commons.wikimedia.org/wiki/Special:FilePath/POL%20powiat%20polkowicki%20COA.svg,16.083333333,51.833333333
Q772782,Powiat golubsko-dobrzyński,http://commons.wikimedia.org/wiki/Special:FilePath/POL%20powiat%20golubsko-dobrzy%C5%84ski%20COA.svg,19.05,53.1
Q637226,Powiat kamiennogórski,http://commons.wikimedia.org/wiki/Special:FilePath/POL%20powiat%20kamiennog%C3%B3rski%20COA.svg,16.05,50.816666666
Q947536,Powiat miński,http://commons.wikimedia.org/wiki/Special:FilePath/POL%20powiat%20mi%C5%84ski%20COA.svg,21.566666666,52.183333333
Q976871,Powiat bełchatowski,http://commons.wikimedia.org/wiki/Special:FilePath/POL%20powiat%20be%C5%82chatowski%20COA.svg,19.366666666,51.366666666
Q935418,Powiat szydłowiecki,http://commons.wikimedia.org/wiki/Special:FilePath/POL%20powiat%20szyd%C5%82owiecki%20COA%201.svg,20.85,51.233333333
Q654524,Powiat ostrowiecki,http://commons.wikimedia.org/wiki/Special:FilePath/POL%20powiat%20ostrowiecki%20COA.svg,21.4,50.933333333
Q959228,Powiat myślenicki,http://commons.wikimedia.org/wiki/Special:FilePath/POL%20powiat%20my%C5%9Blenicki%20COA.svg,19.933333333,49.833333333
Q687625,Powiat radziejowski,http://commons.wikimedia.org/wiki/Special:FilePath/POL%20powiat%20radziejowski%20COA.svg,18.516666666,52.633333333
Q773774,Powiat wodzisławski,http://commons.wikimedia.org/wiki/Special:FilePath/POL%20powiat%20wodzis%C5%82awski%20COA.svg,18.45,50.0
Q936147,Powiat pułtuski,http://commons.wikimedia.org/wiki/Special:FilePath/POL%20powiat%20pu%C5%82tuski%20COA.svg,21.083333333,52.7
Q1125749,Powiat zambrowski,http://commons.wikimedia.org/wiki/Special:FilePath/POL%20powiat%20zambrowski%20COA.svg,22.25,52.983333333
Q654050,Powiat janowski,http://commons.wikimedia.org/wiki/Special:FilePath/POL%20powiat%20janowski%20COA.svg,22.416666666,50.716666666
Q772111,Powiat krasnostawski,http://commons.wikimedia.org/wiki/Special:FilePath/POL%20powiat%20krasnostawski%20COA.svg,23.166666666,51.0
Q936157,Powiat żyrardowski,http://commons.wikimedia.org/wiki/Special:FilePath/POL%20powiat%20%C5%BCyrardowski%20COA.svg,20.433333333,52.05
Q947468,Powiat mławski,http://commons.wikimedia.org/wiki/Special:FilePath/POL%20powiat%20m%C5%82awski%20COA.svg,20.366666666,53.116666666
Q773314,Powiat inowrocławski,http://commons.wikimedia.org/wiki/Special:FilePath/POL%20powiat%20inowroc%C5%82awski%20COA%202008.svg,18.261111111,52.793055555
Q914769,Powiat łęczyński,http://commons.wikimedia.org/wiki/Special:FilePath/POL%20powiat%20%C5%82%C4%99czy%C5%84ski%20COA.svg,22.883333333,51.3
Q936235,Powiat przysuski,http://commons.wikimedia.org/wiki/Special:FilePath/POL%20Przysucha%20COA.svg,20.616666666,51.366666666
Q740897,Powiat kolbuszowski,http://commons.wikimedia.org/wiki/Special:FilePath/POL%20powiat%20kolbuszowski%20COA.svg,21.766666666,50.25
Q910824,Powiat bialski,http://commons.wikimedia.org/wiki/Special:FilePath/POL%20powiat%20bialski%20COA.svg,23.116666666,52.033333333
Q679412,Powiat przemyski,http://commons.wikimedia.org/wiki/Special:FilePath/POL%20powiat%20przemyski%20COA.svg,22.766666666,49.783333333
Q318376,Powiat wschowski,http://commons.wikimedia.org/wiki/Special:FilePath/POL%20powiat%20wschowski%20COA.svg,16.3,51.8
Q605641,Powiat żuromiński,http://commons.wikimedia.org/wiki/Special:FilePath/Herb%20powiat%20zurominski.svg,19.9,53.066666666
Q317835,Powiat krośnieński,http://commons.wikimedia.org/wiki/Special:FilePath/POL%20powiat%20kro%C5%9Bnie%C5%84ski%20%28lubuski%29%20COA.svg,15.1,52.033333333
Q219987,Powiat pucki,http://commons.wikimedia.org/wiki/Special:FilePath/POL%20Coa%20powiat%20pucki.svg,18.4,54.7
Q138001,Powiat nowomiejski,http://commons.wikimedia.org/wiki/Special:FilePath/POL%20powiat%20nowomiejski%20COA.svg,19.583333333,53.416666666
Q554844,Powiat pszczyński,http://commons.wikimedia.org/wiki/Special:FilePath/POL%20powiat%20pszczy%C5%84ski%20COA.svg,18.95,49.983333333
Q163121,Powiat bieszczadzki,http://commons.wikimedia.org/wiki/Special:FilePath/POL%20powiat%20bieszczadzki%20COA.svg,22.6,49.433333333
Q133265,Powiat wągrowiecki,http://commons.wikimedia.org/wiki/Special:FilePath/POL%20powiat%20w%C4%85growiecki%20COA.svg,17.2,52.8
Q379162,Powiat siedlecki,,22.271388888,52.165
Q615905,Powiat moniecki,http://commons.wikimedia.org/wiki/Special:FilePath/POL%20powiat%20moniecki%20COA.svg,22.8,53.4
Q555048,Powiat gliwicki,http://commons.wikimedia.org/wiki/Special:FilePath/POL%20powiat%20gliwicki%20COA.svg,18.666666666,50.283333333
Q607263,Powiat malborski,http://commons.wikimedia.org/wiki/Special:FilePath/POL%20powiat%20malborski%20COA.svg,19.033333333,54.033333333
Q270,Warszawa,http://commons.wikimedia.org/wiki/Special:FilePath/Warsaw%20emblem.png,21.033333333,52.216666666
Q462130,Powiat prudnicki,http://commons.wikimedia.org/wiki/Special:FilePath/POL%20powiat%20prudnicki%20COA.svg,17.576666666,50.322777777
Q133202,Powiat leszczyński,http://commons.wikimedia.org/wiki/Special:FilePath/POL%20powiat%20leszczy%C5%84ski%20COA.svg,16.566666666,51.85
Q119729,Powiat pińczowski,http://commons.wikimedia.org/wiki/Special:FilePath/POL%20powiat%20pi%C5%84czowski%20COA.svg,20.533333333,50.533333333
Q133230,Powiat pilski,http://commons.wikimedia.org/wiki/Special:FilePath/POL%20powiat%20pilski%20COA.svg,16.733333333,53.15
Q586958,Powiat wieruszowski,http://commons.wikimedia.org/wiki/Special:FilePath/POL%20powiat%20wieruszowski%20COA.svg,18.15,51.3
Q133252,Powiat szamotulski,http://commons.wikimedia.org/wiki/Special:FilePath/POL%20powiat%20szamotulski%20COA.svg,16.583333333,52.6
Q461292,Powiat kluczborski,http://commons.wikimedia.org/wiki/Special:FilePath/POL%20powiat%20kluczborski%20COA.svg,18.216666666,50.983333333
Q554313,Powiat raciborski,http://commons.wikimedia.org/wiki/Special:FilePath/POL%20powiat%20raciborski%20COA.svg,18.233333333,50.083333333
Q558408,Powiat szczecinecki,http://commons.wikimedia.org/wiki/Special:FilePath/POL%20powiat%20szczecinecki%20COA.svg,16.683333333,53.716666666
Q462006,Powiat oleski,http://commons.wikimedia.org/wiki/Special:FilePath/POL%20powiat%20oleski%20COA.svg,18.416666666,50.875
Q133191,Powiat krotoszyński,http://commons.wikimedia.org/wiki/Special:FilePath/POL%20powiat%20krotoszy%C5%84ski%20COA.svg,17.433333333,51.683333333
Q317917,Powiat międzyrzecki,http://commons.wikimedia.org/wiki/Special:FilePath/POL%20powiat%20mi%C4%99dzyrzecki%20COA.svg,15.588333333,52.448333333
Q594084,Powiat rybnicki,http://commons.wikimedia.org/wiki/Special:FilePath/POL%20powiat%20rybnicki%20COA.svg,18.55,50.083333333
Q427726,Powiat wyszkowski,http://commons.wikimedia.org/wiki/Special:FilePath/POL%20powiat%20wyszkowski%20COA.svg,21.46,52.593333333
Q133218,Powiat ostrzeszowski,http://commons.wikimedia.org/wiki/Special:FilePath/POL%20powiat%20ostrzeszowski%20COA.svg,18.0,51.4
Q133180,Powiat kolski,http://commons.wikimedia.org/wiki/Special:FilePath/POL%20powiat%20kolski%20COA.svg,18.633333333,52.2
Q462179,Powiat strzelecki,http://commons.wikimedia.org/wiki/Special:FilePath/POL%20powiat%20strzelecki%20COA.svg,18.283333333,50.5
Q133161,Powiat chodzieski,http://commons.wikimedia.org/wiki/Special:FilePath/POL%20powiat%20chodzieski%20COA.svg,16.9,52.983333333
Q461252,Powiat głubczycki,http://commons.wikimedia.org/wiki/Special:FilePath/POL%20powiat%20g%C5%82ubczycki%20COA.svg,17.834166666,50.2
Q577199,Powiat żniński,http://commons.wikimedia.org/wiki/Special:FilePath/POL%20powiat%20%C5%BCni%C5%84ski%20COA.svg,17.7,52.85
Q558417,Powiat gryficki,http://commons.wikimedia.org/wiki/Special:FilePath/POL%20powiat%20gryficki%20COA.svg,15.198611111,53.914722222
Q552043,Powiat brodnicki,http://commons.wikimedia.org/wiki/Special:FilePath/POL%20powiat%20brodnicki%20COA.svg,19.4,53.25
Q629018,Powiat niżański,http://commons.wikimedia.org/wiki/Special:FilePath/POL%20powiat%20ni%C5%BCa%C5%84ski%20COA%201.svg,22.133333333,50.533333333
Q83395,Powiat olsztyński,http://commons.wikimedia.org/wiki/Special:FilePath/POL%20powiat%20olszty%C5%84ski%20COA.svg,20.5,53.783333333
Q572754,Powiat chojnicki,http://commons.wikimedia.org/wiki/Special:FilePath/POL%20powiat%20chojnicki%20COA.svg,17.55,53.7
Q462066,Powiat opolski,http://commons.wikimedia.org/wiki/Special:FilePath/POL%20powiat%20opolski%20COA.svg,17.933333333,50.666666666
Q318002,Powiat sulęciński,http://commons.wikimedia.org/wiki/Special:FilePath/POL%20powiat%20sul%C4%99ci%C5%84ski%20COA.svg,15.116666666,52.45
Q317943,Powiat nowosolski,http://commons.wikimedia.org/wiki/Special:FilePath/POL%20powiat%20nowosolski%20COA.svg,15.716666666,51.8
Q133170,Powiat gostyński,http://commons.wikimedia.org/wiki/Special:FilePath/POL%20powiat%20gosty%C5%84ski%20COA.svg,17.0125,51.879166666
Q559467,Powiat oleśnicki,http://commons.wikimedia.org/wiki/Special:FilePath/POL%20powiat%20ole%C5%9Bnicki%20COA.svg,17.383333333,51.2
Q280091,Powiat wałbrzyski,http://commons.wikimedia.org/wiki/Special:FilePath/POL%20powiat%20wa%C5%82brzyski%20COA.svg,16.283333333,50.783333333
Q461537,Powiat nyski,http://commons.wikimedia.org/wiki/Special:FilePath/POL%20powiat%20nyski%20COA.svg,17.333888888,50.471388888
Q631754,Powiat głogowski,http://commons.wikimedia.org/wiki/Special:FilePath/POL%20powiat%20g%C5%82ogowski%20COA.svg,16.080527777,51.659055555
Q558403,Powiat myśliborski,http://commons.wikimedia.org/wiki/Special:FilePath/POL%20powiat%20my%C5%9Bliborski%20COA.svg,14.866666666,52.933333333
Q461205,Powiat brzeski,http://commons.wikimedia.org/wiki/Special:FilePath/POL%20powiat%20brzeski%20%28opolski%29%20COA.svg,17.483333333,50.866666666
Q318442,Powiat żagański,http://commons.wikimedia.org/wiki/Special:FilePath/POL%20powiat%20%C5%BCaga%C5%84ski%20COA.svg,15.316666666,51.616666666
Q583446,Powiat nakielski,http://commons.wikimedia.org/wiki/Special:FilePath/POL%20powiat%20nakielski%20COA.svg,17.592777777,53.140277777
Q133280,Powiat średzki,http://commons.wikimedia.org/wiki/Special:FilePath/POL%20powiat%20%C5%9Bredzki%20wlkp%20COA.svg,17.283333333,52.233333333
Q256618,Powiat kolneński,http://commons.wikimedia.org/wiki/Special:FilePath/POL%20powiat%20kolne%C5%84ski%20COA.svg,21.933888888,53.410555555
Q517383,Powiat kutnowski,http://commons.wikimedia.org/wiki/Special:FilePath/POL%20powiat%20kutnowski%20COA.svg,19.366666666,52.233333333
Q133209,Powiat międzychodzki,http://commons.wikimedia.org/wiki/Special:FilePath/POL%20powiat%20mi%C4%99dzychodzki%20COA.svg,15.883333333,52.6
Q179986,Powiat strzeliński,http://commons.wikimedia.org/wiki/Special:FilePath/POL%20powiat%20strzeli%C5%84ski%20COA.svg,17.066666666,50.783333333
Q133241,Powiat nowotomyski,http://commons.wikimedia.org/wiki/Special:FilePath/POL%20powiat%20nowotomyski%20COA.svg,16.133333333,52.316666666
Q133185,Powiat koniński,http://commons.wikimedia.org/wiki/Special:FilePath/POL%20powiat%20koni%C5%84ski%20COA.svg,18.266666666,52.216666666
Q604053,Powiat mogileński,http://commons.wikimedia.org/wiki/Special:FilePath/POL%20powiat%20mogieli%C5%84ski%20COA.svg,17.95,52.65
Q610857,Powiat ostrołęcki,,21.566666666,53.066666666
Q302851,Powiat koszaliński,http://commons.wikimedia.org/wiki/Special:FilePath/POL%20powiat%20koszali%C5%84ski%20COA.svg,16.183333333,54.183333333
Q609424,Powiat wielicki,http://commons.wikimedia.org/wiki/Special:FilePath/POL%20powiat%20wielicki%20COA.svg,20.066111111,49.989444444
Q120033,Powiat staszowski,http://commons.wikimedia.org/wiki/Special:FilePath/POL%20powiat%20staszowski%20COA.svg,21.193788888,50.5171
Q597774,Powiat sępoleński,http://commons.wikimedia.org/wiki/Special:FilePath/POL%20powiat%20s%C4%99pole%C5%84ski%20COA.svg,17.53,53.45
Q318384,Powiat zielonogórski,http://commons.wikimedia.org/wiki/Special:FilePath/POL%20powiat%20zielonog%C3%B3rski%20COA.svg,15.505,51.939722222
Q133188,Powiat kościański,http://commons.wikimedia.org/wiki/Special:FilePath/POL%20powiat%20ko%C5%9Bcia%C5%84ski%20COA.svg,16.65,52.083333333
Q133195,Powiat kępiński,http://commons.wikimedia.org/wiki/Special:FilePath/POL%20powiat%20k%C4%99pi%C5%84ski%20COA.svg,17.983333333,51.283333333
Q133213,Powiat obornicki,http://commons.wikimedia.org/wiki/Special:FilePath/POL%20powiat%20obornicki%20COA.svg,16.816666666,52.65
Q133268,Powiat wrzesiński,http://commons.wikimedia.org/wiki/Special:FilePath/POL%20powiat%20wrzesi%C5%84ski%20COA.svg,17.583333333,52.333333333
Q517800,Powiat łęczycki,http://commons.wikimedia.org/wiki/Special:FilePath/POL%20powiat%20%C5%82%C4%99czycki%20COA.svg,19.2,52.05
Q461430,Powiat krapkowicki,,17.966666666,50.466666666
Q555892,Powiat piski,http://commons.wikimedia.org/wiki/Special:FilePath/POL%20powiat%20piski%20COA.svg,21.8,53.616666666
Q318397,Powiat świebodziński,http://commons.wikimedia.org/wiki/Special:FilePath/POL%20powiat%20%C5%9Bwiebodzi%C5%84ski%20COA.svg,15.533333333,52.25
Q101575,Powiat poznański,http://commons.wikimedia.org/wiki/Special:FilePath/POL%20powiat%20pozna%C5%84ski%20COA.svg,16.916666666,52.4
Q317818,Powiat gorzowski,http://commons.wikimedia.org/wiki/Special:FilePath/POL%20powiat%20gorzowski%20COA.svg,15.25,52.733333333
Q318018,Powiat słubicki,http://commons.wikimedia.org/wiki/Special:FilePath/POL%20powiat%20s%C5%82ubicki%20COA.svg,14.566666666,52.35
Q461455,Powiat kędzierzyńsko-kozielski,http://commons.wikimedia.org/wiki/Special:FilePath/POL%20powiat%20k%C4%99dzierzy%C5%84sko-kozielski%20COA.svg,18.2,50.35
Q125413,Powiat hrubieszowski,http://commons.wikimedia.org/wiki/Special:FilePath/POL%20powiat%20hrubieszowski%20COA.svg,23.883333333,50.816666666
Q133262,Powiat wolsztyński,http://commons.wikimedia.org/wiki/Special:FilePath/POL%20powiat%20wolszty%C5%84ski%20COA.svg,16.116666666,52.116666666
Q133172,Powiat grodziski,http://commons.wikimedia.org/wiki/Special:FilePath/POL%20powiat%20grodziski%20%28wielkopolski%29%20COA.svg,16.366666666,52.233333333
Q133257,Powiat słupecki,http://commons.wikimedia.org/wiki/Special:FilePath/POL%20powiat%20s%C5%82upecki%20COA.svg,17.866666666,52.3
Q318459,Powiat żarski,http://commons.wikimedia.org/wiki/Special:FilePath/POL%20powiat%20%C5%BCarski%20COA.svg,15.133333333,51.633333333
Q606486,Powiat tomaszowski,http://commons.wikimedia.org/wiki/Special:FilePath/POL%20powiat%20tomaszowski%20%28%C5%82%C3%B3dzki%29%20COA.svg,20.016666666,51.516666666
Q317976,Powiat strzelecko-drezdenecki,http://commons.wikimedia.org/wiki/Special:FilePath/POL%20powiat%20strzelecko%20drezdenecki%20COA.svg,15.531944444,52.875555555
Q133176,Powiat jarociński,http://commons.wikimedia.org/wiki/Special:FilePath/POL%20powiat%20jaroci%C5%84ski%20COA.svg,17.5,51.966666666
Q326895,Powiat gryfiński,http://commons.wikimedia.org/wiki/Special:FilePath/POL%20powiat%20gryfi%C5%84ski%20COA.svg,14.483333333,53.25
Q608078,Powiat przasnyski,http://commons.wikimedia.org/wiki/Special:FilePath/POL%20powiat%20przasnyski%20COA.svg,20.883333333,53.016666666
Q133164,Powiat czarnkowsko-trzcianecki,http://commons.wikimedia.org/wiki/Special:FilePath/POL%20powiat%20czarnkowsko-trzcianecki%20COA.svg,16.566666666,52.9
Q133248,Powiat rawicki,http://commons.wikimedia.org/wiki/Special:FilePath/POL%20powiat%20rawicki%20COA.svg,16.8575,51.609166666
Q558696,Powiat policki,http://commons.wikimedia.org/wiki/Special:FilePath/POL%20powiat%20policki%20COA.svg,14.566666666,53.533333333
Q117563,Powiat giżycki,http://commons.wikimedia.org/wiki/Special:FilePath/POL%20powiat%20gi%C5%BCycki%20COA.svg,21.766666666,54.033333333
Q556479,Powiat ostródzki,http://commons.wikimedia.org/wiki/Special:FilePath/POL%20powiat%20ostr%C3%B3dzki%20COA.svg,19.966666666,53.7
Q133260,Powiat turecki,http://commons.wikimedia.org/wiki/Special:FilePath/POL%20powiat%20turecki%20COA.svg,18.5,52.016666666
Q133166,Powiat gnieźnieński,http://commons.wikimedia.org/wiki/Special:FilePath/POL%20powiat%20gnie%C5%BAnie%C5%84ski%20COA.svg,17.6,52.533333333
Q133272,Powiat złotowski,http://commons.wikimedia.org/wiki/Special:FilePath/POL%20powiat%20z%C5%82otowski%20COA.svg,17.040833333,53.360277777
Q133282,Powiat śremski,http://commons.wikimedia.org/wiki/Special:FilePath/POL%20powiat%20%C5%9Bremski%20COA.svg,17.016666666,52.083333333
Q597977,Powiat tucholski,http://commons.wikimedia.org/wiki/Special:FilePath/POL%20powiat%20tucholski%20COA.svg,17.85,53.6
Q133216,Powiat ostrowski,http://commons.wikimedia.org/wiki/Special:FilePath/POL%20powiat%20ostrowski%20COA.svg,17.7,51.65
Q133178,Powiat kaliski,http://commons.wikimedia.org/wiki/Special:FilePath/POL%20powiat%20kaliski%20COA.svg,18.08,51.7575
Q556474,Powiat szczycieński,http://commons.wikimedia.org/wiki/Special:FilePath/POL%20powiat%20szczycie%C5%84ski%20COA.svg,20.985277777,53.562777777
Q133236,Powiat pleszewski,http://commons.wikimedia.org/wiki/Special:FilePath/POL%20powiat%20pleszewski%20COA.svg,17.783333333,51.883333333
Q1436158,Powiat skarżyski,http://commons.wikimedia.org/wiki/Special:FilePath/POL%20powiat%20skar%C5%BCyski%20COA.svg,20.916666666,51.116666666
Q1411583,Powiat sławieński,http://commons.wikimedia.org/wiki/Special:FilePath/POL%20powiat%20s%C5%82awie%C5%84ski%20COA.svg,16.683333333,54.366666666
Q1411593,Powiat drawski,http://commons.wikimedia.org/wiki/Special:FilePath/POL%20powiat%20drawski%20COA.svg,15.8,53.533333333
Q1341082,Powiat sztumski,http://commons.wikimedia.org/wiki/Special:FilePath/POL%20powiat%20sztumski%20COA.svg,19.033611111,53.921666666
Q1340642,Powiat tarnowski,http://commons.wikimedia.org/wiki/Special:FilePath/POL%20powiat%20tarnowski%20COA.svg,21.0,50.033333333
Q1410659,Powiat choszczeński,http://commons.wikimedia.org/wiki/Special:FilePath/POL%20powiat%20choszcze%C5%84ski%20COA.svg,15.4,53.166666666
Q1553070,Powiat starachowicki,http://commons.wikimedia.org/wiki/Special:FilePath/POL%20powiat%20starachowicki%20COA.svg,21.066666666,51.05
Q1411599,Powiat pyrzycki,http://commons.wikimedia.org/wiki/Special:FilePath/POL%20powiat%20pyrzycki%20COA.svg,14.883333333,53.133333333
Q1341112,Powiat kwidzyński,http://commons.wikimedia.org/wiki/Special:FilePath/POL%20powiat%20kwidzy%C5%84ski%20COA.svg,18.930833333,53.735833333
Q1341090,Powiat starogardzki,http://commons.wikimedia.org/wiki/Special:FilePath/POL%20powiat%20starogardzki%20COA.svg,18.533333333,53.966666666
Q1341069,Powiat tczewski,http://commons.wikimedia.org/wiki/Special:FilePath/POL%20powiat%20tczewski%20COA.svg,18.716666666,54.1
Q1411606,Powiat goleniowski,http://commons.wikimedia.org/wiki/Special:FilePath/POL%20powiat%20goleniowski%20COA%201.svg,14.816666666,53.55
Q1434951,Powiat kamieński,http://commons.wikimedia.org/wiki/Special:FilePath/POL%20powiat%20kamie%C5%84ski%20COA.svg,14.785833333,53.969722222
Q1344024,Powiat białogardzki,http://commons.wikimedia.org/wiki/Special:FilePath/POL%20powiat%20bia%C5%82ogardzki%20COA.svg,15.983333333,54.0
Q4273107,Powiat namysłowski,,17.7069,51.0728

